<?xml version="1.0" encoding="UTF-8"?>
<project version="4">
  <component name="ChangeListManager">
    <list default="true" id="a573ac79-d7b6-4ed0-9814-a17f9431bdd8" name="Default" comment="">
      <change type="NEW" beforePath="" afterPath="$PROJECT_DIR$/flow_visualize.py" />
      <change type="MODIFICATION" beforePath="$PROJECT_DIR$/.idea/workspace.xml" afterPath="$PROJECT_DIR$/.idea/workspace.xml" />
      <change type="MODIFICATION" beforePath="$PROJECT_DIR$/Loc0_1_det.txt" afterPath="$PROJECT_DIR$/Loc0_1_det.txt" />
    </list>
    <option name="EXCLUDED_CONVERTED_TO_IGNORED" value="true" />
    <option name="TRACKING_ENABLED" value="true" />
    <option name="SHOW_DIALOG" value="false" />
    <option name="HIGHLIGHT_CONFLICTS" value="true" />
    <option name="HIGHLIGHT_NON_ACTIVE_CHANGELIST" value="false" />
    <option name="LAST_RESOLUTION" value="IGNORE" />
  </component>
  <component name="CoverageDataManager">
    <SUITE FILE_PATH="coverage/2018AICITY_Team_Columbia$csv_process.coverage" NAME="csv_process Coverage Results" MODIFIED="1530896150445" SOURCE_PROVIDER="com.intellij.coverage.DefaultCoverageFileProvider" RUNNER="coverage.py" COVERAGE_BY_TEST_ENABLED="true" COVERAGE_TRACING_ENABLED="false" WORKING_DIRECTORY="$PROJECT_DIR$" />
    <SUITE FILE_PATH="coverage/2018AICITY_Team_Columbia$jason_process.coverage" NAME="jason_process Coverage Results" MODIFIED="1531145796405" SOURCE_PROVIDER="com.intellij.coverage.DefaultCoverageFileProvider" RUNNER="coverage.py" COVERAGE_BY_TEST_ENABLED="true" COVERAGE_TRACING_ENABLED="false" WORKING_DIRECTORY="$PROJECT_DIR$" />
    <SUITE FILE_PATH="coverage/2018AICITY_Team_Columbia$img2vedio.coverage" NAME="img2vedio Coverage Results" MODIFIED="1530138461627" SOURCE_PROVIDER="com.intellij.coverage.DefaultCoverageFileProvider" RUNNER="coverage.py" COVERAGE_BY_TEST_ENABLED="true" COVERAGE_TRACING_ENABLED="false" WORKING_DIRECTORY="C:/My_Homework/Image_processing/Project/sort-master/sort-master/output" />
    <SUITE FILE_PATH="coverage/2018AICITY_Team_Columbia$draft.coverage" NAME="draft Coverage Results" MODIFIED="1530473944635" SOURCE_PROVIDER="com.intellij.coverage.DefaultCoverageFileProvider" RUNNER="coverage.py" COVERAGE_BY_TEST_ENABLED="true" COVERAGE_TRACING_ENABLED="false" WORKING_DIRECTORY="$PROJECT_DIR$" />
  </component>
  <component name="FileEditorManager">
    <leaf SIDE_TABS_SIZE_LIMIT_KEY="300">
      <file leaf-file-name="Loc0_1_det.txt" pinned="false" current-in-tab="false">
        <entry file="file://$PROJECT_DIR$/Loc0_1_det.txt">
          <provider selected="true" editor-type-id="LargeFileEditor">
            <state relative-caret-position="0">
              <caret line="0" column="0" lean-forward="false" selection-start-line="0" selection-start-column="0" selection-end-line="0" selection-end-column="0" />
            </state>
          </provider>
        </entry>
      </file>
      <file leaf-file-name="Loc0_1Tracks1769.dat" pinned="false" current-in-tab="false">
        <entry file="file://$PROJECT_DIR$/Loc0_1Tracks1769.dat">
          <provider selected="true" editor-type-id="LargeFileEditor">
            <state relative-caret-position="76">
              <caret line="4" column="33" lean-forward="false" selection-start-line="4" selection-start-column="33" selection-end-line="4" selection-end-column="33" />
            </state>
          </provider>
        </entry>
      </file>
      <file leaf-file-name="aic_video_detect.py" pinned="false" current-in-tab="true">
        <entry file="file://$PROJECT_DIR$/track1/detect/aic_video_detect.py">
          <provider selected="true" editor-type-id="text-editor">
            <state relative-caret-position="411">
              <caret line="135" column="0" lean-forward="false" selection-start-line="135" selection-start-column="0" selection-end-line="135" selection-end-column="0" />
              <folding />
            </state>
          </provider>
        </entry>
      </file>
      <file leaf-file-name="pedestrian.py" pinned="false" current-in-tab="false">
        <entry file="file://$PROJECT_DIR$/track1/detect/pedestrian.py">
          <provider selected="true" editor-type-id="text-editor">
            <state relative-caret-position="-3940">
              <caret line="144" column="43" lean-forward="true" selection-start-line="144" selection-start-column="43" selection-end-line="144" selection-end-column="43" />
              <folding>
                <element signature="e#1071#1080#0" expanded="true" />
              </folding>
            </state>
          </provider>
        </entry>
      </file>
    </leaf>
  </component>
  <component name="FileTemplateManagerImpl">
    <option name="RECENT_TEMPLATES">
      <list>
        <option value="Python Script" />
      </list>
    </option>
  </component>
  <component name="FindInProjectRecents">
    <findStrings>
      <find>DATASET</find>
      <find>train</find>
      <find>def build</find>
      <find>mrcnn_mask_loss</find>
      <find>rpn_class_loss</find>
      <find>pedestrian</find>
      <find>COCO_WEIGHTS_PATH</find>
      <find>DEFAULT_LOGS_DIR</find>
      <find>class mask</find>
      <find>def train</find>
      <find>logs</find>
      <find>callback</find>
      <find>config</find>
      <find>epoch</find>
      <find>StopIteration</find>
      <find>frame8056</find>
      <find>frame9752</find>
      <find>dataset</find>
    </findStrings>
  </component>
  <component name="Git.Settings">
    <option name="RECENT_GIT_ROOT_PATH" value="$PROJECT_DIR$" />
  </component>
  <component name="IdeDocumentHistory">
    <option name="CHANGED_PATHS">
      <list>
        <option value="$PROJECT_DIR$/track1/detect/config.py" />
        <option value="$PROJECT_DIR$/track1/training/balloon.py" />
        <option value="$PROJECT_DIR$/track1/track/tools/generate_detections.py" />
        <option value="C:/My_Homework/Image_processing/Project/sort-master/sort-master/output/img2vedio.py" />
        <option value="$PROJECT_DIR$/../video_on_intersection/imgs/vehicle-detect-track-predict.json" />
        <option value="$PROJECT_DIR$/track1/track/tools/balloon.py" />
        <option value="$PROJECT_DIR$/track1/detect/model.py" />
        <option value="$PROJECT_DIR$/../video_on_intersection/imgs/train/vehicle-detect-track-predict.json" />
        <option value="$PROJECT_DIR$/draft.py" />
        <option value="$PROJECT_DIR$/track2/csv_process.py" />
        <option value="$PROJECT_DIR$/csv_process.py" />
        <option value="$PROJECT_DIR$/jason_process.py" />
        <option value="$PROJECT_DIR$/annotations/jason_process.py" />
        <option value="$PROJECT_DIR$/annotations/vehicle-detect-track-predict-2.json" />
        <option value="$PROJECT_DIR$/track1/detect/pedestrian.py" />
        <option value="$PROJECT_DIR$/track1/detect/pkl_to_det.py" />
        <option value="$PROJECT_DIR$/flow_visualize.py" />
      </list>
    </option>
  </component>
  <component name="JsBuildToolGruntFileManager" detection-done="true" sorting="DEFINITION_ORDER" />
  <component name="JsBuildToolPackageJson" detection-done="true" sorting="DEFINITION_ORDER" />
  <component name="JsGulpfileManager">
    <detection-done>true</detection-done>
    <sorting>DEFINITION_ORDER</sorting>
  </component>
  <component name="ProjectFrameBounds" extendedState="6">
    <option name="x" value="-273" />
    <option name="y" value="476" />
    <option name="width" value="1750" />
    <option name="height" value="1103" />
  </component>
  <component name="ProjectView">
    <navigator currentView="ProjectPane" proportions="" version="1">
      <flattenPackages />
      <showMembers />
      <showModules />
      <showLibraryContents />
      <hideEmptyPackages />
      <abbreviatePackageNames />
      <autoscrollToSource />
      <autoscrollFromSource />
      <sortByType />
      <manualOrder />
      <foldersAlwaysOnTop value="true" />
    </navigator>
    <panes>
      <pane id="Scope" />
      <pane id="Scratches" />
      <pane id="ProjectPane">
        <subPane>
          <expand>
            <path>
              <item name="2018AICITY_Team_Columbia" type="b2602c69:ProjectViewProjectNode" />
              <item name="2018AICITY_Team_Columbia" type="462c0819:PsiDirectoryNode" />
            </path>
          </expand>
          <select />
        </subPane>
      </pane>
    </panes>
  </component>
  <component name="PropertiesComponent">
    <property name="settings.editor.selected.configurable" value="configurable.group.appearance" />
    <property name="WebServerToolWindowFactoryState" value="false" />
    <property name="last_opened_file_path" value="$PROJECT_DIR$/.." />
  </component>
  <component name="RecentsManager">
    <key name="MoveFile.RECENT_KEYS">
      <recent name="C:\My_Projects\ProjectsWithZoran\2018AICITY_Team_Columbia\annotations" />
      <recent name="C:\My_Projects\ProjectsWithZoran\2018AICITY_Team_Columbia" />
      <recent name="C:\My_Projects\ProjectsWithZoran\2018AICITY_Team_Columbia\track1\detect" />
    </key>
    <key name="CopyFile.RECENT_KEYS">
      <recent name="C:\My_Projects\ProjectsWithZoran\2018AICITY_Team_Columbia" />
      <recent name="C:\My_Projects\ProjectsWithZoran\2018AICITY_Team_Columbia\track2" />
      <recent name="C:\My_Projects\ProjectsWithZoran\2018AICITY_Team_Columbia\track1\track\tools" />
    </key>
  </component>
  <component name="RunDashboard">
    <option name="ruleStates">
      <list>
        <RuleState>
          <option name="name" value="ConfigurationTypeDashboardGroupingRule" />
        </RuleState>
        <RuleState>
          <option name="name" value="StatusDashboardGroupingRule" />
        </RuleState>
      </list>
    </option>
  </component>
  <component name="RunManager" selected="Python.jason_process">
    <configuration name="csv_process" type="PythonConfigurationType" factoryName="Python" temporary="true">
      <option name="INTERPRETER_OPTIONS" value="" />
      <option name="PARENT_ENVS" value="true" />
      <envs>
        <env name="PYTHONUNBUFFERED" value="1" />
      </envs>
      <option name="SDK_HOME" value="" />
      <option name="WORKING_DIRECTORY" value="$PROJECT_DIR$" />
      <option name="IS_MODULE_SDK" value="true" />
      <option name="ADD_CONTENT_ROOTS" value="true" />
      <option name="ADD_SOURCE_ROOTS" value="true" />
      <module name="2018AICITY_Team_Columbia" />
      <EXTENSION ID="PythonCoverageRunConfigurationExtension" enabled="false" sample_coverage="true" runner="coverage.py" />
      <option name="SCRIPT_NAME" value="C:\My_Projects\ProjectsWithZoran\2018AICITY_Team_Columbia\annotations\csv_process.py" />
      <option name="PARAMETERS" value="" />
      <option name="SHOW_COMMAND_LINE" value="false" />
      <option name="EMULATE_TERMINAL" value="false" />
    </configuration>
    <configuration name="draft" type="PythonConfigurationType" factoryName="Python" temporary="true">
      <option name="INTERPRETER_OPTIONS" value="" />
      <option name="PARENT_ENVS" value="true" />
      <envs>
        <env name="PYTHONUNBUFFERED" value="1" />
      </envs>
      <option name="SDK_HOME" value="" />
      <option name="WORKING_DIRECTORY" value="$PROJECT_DIR$" />
      <option name="IS_MODULE_SDK" value="true" />
      <option name="ADD_CONTENT_ROOTS" value="true" />
      <option name="ADD_SOURCE_ROOTS" value="true" />
      <module name="2018AICITY_Team_Columbia" />
      <EXTENSION ID="PythonCoverageRunConfigurationExtension" enabled="false" sample_coverage="true" runner="coverage.py" />
      <option name="SCRIPT_NAME" value="$PROJECT_DIR$/draft.py" />
      <option name="PARAMETERS" value="" />
      <option name="SHOW_COMMAND_LINE" value="false" />
      <option name="EMULATE_TERMINAL" value="false" />
    </configuration>
    <configuration name="img2vedio" type="PythonConfigurationType" factoryName="Python" temporary="true">
      <option name="INTERPRETER_OPTIONS" value="" />
      <option name="PARENT_ENVS" value="true" />
      <envs>
        <env name="PYTHONUNBUFFERED" value="1" />
      </envs>
      <option name="SDK_HOME" value="" />
      <option name="WORKING_DIRECTORY" value="C:/My_Homework/Image_processing/Project/sort-master/sort-master/output" />
      <option name="IS_MODULE_SDK" value="false" />
      <option name="ADD_CONTENT_ROOTS" value="true" />
      <option name="ADD_SOURCE_ROOTS" value="true" />
      <module name="2018AICITY_Team_Columbia" />
      <EXTENSION ID="PythonCoverageRunConfigurationExtension" enabled="false" sample_coverage="true" runner="coverage.py" />
      <option name="SCRIPT_NAME" value="C:/My_Homework/Image_processing/Project/sort-master/sort-master/output/img2vedio.py" />
      <option name="PARAMETERS" value="" />
      <option name="SHOW_COMMAND_LINE" value="false" />
      <option name="EMULATE_TERMINAL" value="false" />
    </configuration>
    <configuration name="jason_process" type="PythonConfigurationType" factoryName="Python" temporary="true">
      <option name="INTERPRETER_OPTIONS" value="" />
      <option name="PARENT_ENVS" value="true" />
      <envs>
        <env name="PYTHONUNBUFFERED" value="1" />
      </envs>
      <option name="SDK_HOME" value="" />
      <option name="WORKING_DIRECTORY" value="$PROJECT_DIR$" />
      <option name="IS_MODULE_SDK" value="true" />
      <option name="ADD_CONTENT_ROOTS" value="true" />
      <option name="ADD_SOURCE_ROOTS" value="true" />
      <module name="2018AICITY_Team_Columbia" />
      <EXTENSION ID="PythonCoverageRunConfigurationExtension" enabled="false" sample_coverage="true" runner="coverage.py" />
      <option name="SCRIPT_NAME" value="C:\My_Projects\ProjectsWithZoran\2018AICITY_Team_Columbia\annotations\jason_process.py" />
      <option name="PARAMETERS" value="" />
      <option name="SHOW_COMMAND_LINE" value="false" />
      <option name="EMULATE_TERMINAL" value="false" />
    </configuration>
    <list size="4">
      <item index="0" class="java.lang.String" itemvalue="Python.draft" />
      <item index="1" class="java.lang.String" itemvalue="Python.img2vedio" />
      <item index="2" class="java.lang.String" itemvalue="Python.csv_process" />
      <item index="3" class="java.lang.String" itemvalue="Python.jason_process" />
    </list>
    <recent_temporary>
      <list size="4">
        <item index="0" class="java.lang.String" itemvalue="Python.jason_process" />
        <item index="1" class="java.lang.String" itemvalue="Python.csv_process" />
        <item index="2" class="java.lang.String" itemvalue="Python.draft" />
        <item index="3" class="java.lang.String" itemvalue="Python.img2vedio" />
      </list>
    </recent_temporary>
  </component>
  <component name="ShelveChangesManager" show_recycled="false">
    <option name="remove_strategy" value="false" />
  </component>
  <component name="SvnConfiguration">
    <configuration />
  </component>
  <component name="TaskManager">
    <task active="true" id="Default" summary="Default task">
      <changelist id="a573ac79-d7b6-4ed0-9814-a17f9431bdd8" name="Default" comment="" />
      <created>1529766844398</created>
      <option name="number" value="Default" />
      <option name="presentableId" value="Default" />
      <updated>1529766844398</updated>
    </task>
    <servers />
  </component>
  <component name="ToolWindowManager">
    <frame x="-7" y="-7" width="1551" height="839" extended-state="6" />
    <layout>
      <window_info id="Project" active="true" anchor="left" auto_hide="false" internal_type="DOCKED" type="DOCKED" visible="true" show_stripe_button="true" weight="0.22364002" sideWeight="0.5" order="0" side_tool="false" content_ui="combo" />
      <window_info id="TODO" active="false" anchor="bottom" auto_hide="false" internal_type="DOCKED" type="DOCKED" visible="false" show_stripe_button="true" weight="0.33" sideWeight="0.5" order="10" side_tool="false" content_ui="tabs" />
      <window_info id="Event Log" active="false" anchor="bottom" auto_hide="false" internal_type="DOCKED" type="DOCKED" visible="false" show_stripe_button="true" weight="0.33" sideWeight="0.5" order="0" side_tool="true" content_ui="tabs" />
      <window_info id="Database" active="false" anchor="right" auto_hide="false" internal_type="DOCKED" type="DOCKED" visible="false" show_stripe_button="true" weight="0.33" sideWeight="0.5" order="3" side_tool="false" content_ui="tabs" />
      <window_info id="Run" active="false" anchor="bottom" auto_hide="false" internal_type="DOCKED" type="DOCKED" visible="false" show_stripe_button="true" weight="0.39660057" sideWeight="0.5" order="6" side_tool="false" content_ui="tabs" />
      <window_info id="Version Control" active="false" anchor="bottom" auto_hide="false" internal_type="DOCKED" type="DOCKED" visible="false" show_stripe_button="true" weight="0.33" sideWeight="0.5" order="1" side_tool="false" content_ui="tabs" />
      <window_info id="Python Console" active="false" anchor="bottom" auto_hide="false" internal_type="DOCKED" type="DOCKED" visible="true" show_stripe_button="true" weight="0.2917847" sideWeight="0.5" order="2" side_tool="false" content_ui="tabs" />
      <window_info id="Structure" active="false" anchor="left" auto_hide="false" internal_type="DOCKED" type="DOCKED" visible="false" show_stripe_button="true" weight="0.25" sideWeight="0.5" order="1" side_tool="false" content_ui="tabs" />
      <window_info id="Terminal" active="false" anchor="bottom" auto_hide="false" internal_type="DOCKED" type="DOCKED" visible="false" show_stripe_button="true" weight="0.3286119" sideWeight="0.5" order="5" side_tool="false" content_ui="tabs" />
      <window_info id="Debug" active="false" anchor="bottom" auto_hide="false" internal_type="DOCKED" type="DOCKED" visible="false" show_stripe_button="true" weight="0.39943343" sideWeight="0.5" order="7" side_tool="false" content_ui="tabs" />
      <window_info id="Favorites" active="false" anchor="left" auto_hide="false" internal_type="DOCKED" type="DOCKED" visible="false" show_stripe_button="true" weight="0.33" sideWeight="0.5" order="2" side_tool="true" content_ui="tabs" />
      <window_info id="Data View" active="false" anchor="right" auto_hide="false" internal_type="DOCKED" type="DOCKED" visible="false" show_stripe_button="true" weight="0.32975152" sideWeight="0.5" order="3" side_tool="false" content_ui="tabs" />
      <window_info id="Cvs" active="false" anchor="bottom" auto_hide="false" internal_type="DOCKED" type="DOCKED" visible="false" show_stripe_button="true" weight="0.25" sideWeight="0.5" order="8" side_tool="false" content_ui="tabs" />
      <window_info id="Message" active="false" anchor="bottom" auto_hide="false" internal_type="DOCKED" type="DOCKED" visible="false" show_stripe_button="true" weight="0.33" sideWeight="0.5" order="3" side_tool="false" content_ui="tabs" />
      <window_info id="Commander" active="false" anchor="right" auto_hide="false" internal_type="DOCKED" type="DOCKED" visible="false" show_stripe_button="true" weight="0.4" sideWeight="0.5" order="0" side_tool="false" content_ui="tabs" />
      <window_info id="Inspection" active="false" anchor="bottom" auto_hide="false" internal_type="DOCKED" type="DOCKED" visible="false" show_stripe_button="true" weight="0.4" sideWeight="0.5" order="9" side_tool="false" content_ui="tabs" />
      <window_info id="Hierarchy" active="false" anchor="right" auto_hide="false" internal_type="DOCKED" type="DOCKED" visible="false" show_stripe_button="true" weight="0.25" sideWeight="0.5" order="2" side_tool="false" content_ui="combo" />
      <window_info id="Find" active="false" anchor="bottom" auto_hide="false" internal_type="DOCKED" type="DOCKED" visible="false" show_stripe_button="true" weight="0.33" sideWeight="0.5" order="4" side_tool="false" content_ui="tabs" />
      <window_info id="Ant Build" active="false" anchor="right" auto_hide="false" internal_type="DOCKED" type="DOCKED" visible="false" show_stripe_button="true" weight="0.25" sideWeight="0.5" order="1" side_tool="false" content_ui="tabs" />
    </layout>
  </component>
  <component name="TypeScriptGeneratedFilesManager">
    <option name="version" value="1" />
  </component>
  <component name="VcsContentAnnotationSettings">
    <option name="myLimit" value="2678400000" />
  </component>
  <component name="XDebuggerManager">
    <breakpoint-manager>
      <breakpoints>
        <line-breakpoint enabled="true" suspend="THREAD" type="python-line">
          <url>file://$PROJECT_DIR$/draft.py</url>
          <line>6</line>
          <option name="timeStamp" value="3" />
        </line-breakpoint>
        <line-breakpoint enabled="true" suspend="THREAD" type="python-line">
          <url>file://$PROJECT_DIR$/track1/track/generate_videos.py</url>
          <line>1</line>
          <option name="timeStamp" value="10" />
        </line-breakpoint>
        <line-breakpoint enabled="true" suspend="THREAD" type="python-line">
          <url>file://$PROJECT_DIR$/annotations/csv_process.py</url>
          <line>2</line>
          <option name="timeStamp" value="12" />
        </line-breakpoint>
        <line-breakpoint enabled="true" suspend="THREAD" type="python-line">
          <url>file://$PROJECT_DIR$/annotations/jason_process.py</url>
          <option name="timeStamp" value="13" />
        </line-breakpoint>
      </breakpoints>
      <option name="time" value="14" />
    </breakpoint-manager>
    <watches-manager />
  </component>
  <component name="editorHistoryManager">
    <entry file="file://$PROJECT_DIR$/track1/track/application_util/preprocessing.py">
      <provider selected="true" editor-type-id="text-editor">
        <state relative-caret-position="-456">
          <caret line="0" column="0" lean-forward="false" selection-start-line="0" selection-start-column="0" selection-end-line="0" selection-end-column="0" />
        </state>
      </provider>
    </entry>
    <entry file="file://$PROJECT_DIR$/track1/training/__init__.py" />
    <entry file="file://$PROJECT_DIR$/track1/training/balloon.htm" />
    <entry file="file://$PROJECT_DIR$/track1/training/balloon.py" />
    <entry file="file://$PROJECT_DIR$/track1/detect/parallel_model.py">
      <provider selected="true" editor-type-id="text-editor">
        <state relative-caret-position="0">
          <caret line="0" column="0" lean-forward="false" selection-start-line="0" selection-start-column="0" selection-end-line="0" selection-end-column="0" />
        </state>
      </provider>
    </entry>
    <entry file="file://$PROJECT_DIR$/track1/detect/pkl_contour_to_video.py">
      <provider selected="true" editor-type-id="text-editor">
        <state relative-caret-position="0">
          <caret line="0" column="0" lean-forward="false" selection-start-line="0" selection-start-column="0" selection-end-line="0" selection-end-column="0" />
        </state>
      </provider>
    </entry>
    <entry file="file://$PROJECT_DIR$/track1/track/show_results.py">
      <provider selected="true" editor-type-id="text-editor">
        <state relative-caret-position="1368">
          <caret line="79" column="14" lean-forward="false" selection-start-line="79" selection-start-column="4" selection-end-line="79" selection-end-column="14" />
        </state>
      </provider>
    </entry>
    <entry file="file://$PROJECT_DIR$/track1/track/application_util/image_viewer.py">
      <provider selected="true" editor-type-id="text-editor">
        <state relative-caret-position="5225">
          <caret line="277" column="60" lean-forward="false" selection-start-line="277" selection-start-column="47" selection-end-line="277" selection-end-column="60" />
        </state>
      </provider>
    </entry>
    <entry file="file://$PROJECT_DIR$/track1/track/application_util/visualization.py">
      <provider selected="true" editor-type-id="text-editor">
        <state relative-caret-position="494">
          <caret line="28" column="18" lean-forward="false" selection-start-line="28" selection-start-column="18" selection-end-line="28" selection-end-column="18" />
        </state>
      </provider>
    </entry>
    <entry file="file://C:/My_Homework/Image_processing/Project/sort-master/sort-master/output/img2vedio.py">
      <provider selected="true" editor-type-id="text-editor">
        <state relative-caret-position="218">
          <caret line="20" column="23" lean-forward="true" selection-start-line="20" selection-start-column="23" selection-end-line="20" selection-end-column="23" />
        </state>
      </provider>
    </entry>
    <entry file="file://$PROJECT_DIR$/../video_on_intersection/tracked_video/000019.jpg">
      <provider selected="true" editor-type-id="images">
        <state />
      </provider>
    </entry>
    <entry file="file://$PROJECT_DIR$/../video_on_intersection/imgs/vehicle-detect-track-predict.json" />
    <entry file="file://$PROJECT_DIR$/../video_on_intersection/imgs/vehicle-detect-track-predict_Tony.json" />
    <entry file="file://$PROJECT_DIR$/track1/track/tools/balloon.py" />
    <entry file="file://$PROJECT_DIR$/load_pedestrian" />
    <entry file="file://C:/My_Softerware/Python-3.63-x64/Lib/site-packages/keras/callbacks.py">
      <provider selected="true" editor-type-id="text-editor">
        <state relative-caret-position="-275">
          <caret line="362" column="8" lean-forward="false" selection-start-line="362" selection-start-column="8" selection-end-line="362" selection-end-column="8" />
        </state>
      </provider>
    </entry>
    <entry file="file://$PROJECT_DIR$/person" />
    <entry file="file://$PROJECT_DIR$/0" />
    <entry file="file://$PROJECT_DIR$/True" />
    <entry file="file://$PROJECT_DIR$/track1/detect/config.py">
      <provider selected="true" editor-type-id="text-editor">
        <state relative-caret-position="164">
          <caret line="36" column="40" lean-forward="false" selection-start-line="36" selection-start-column="35" selection-end-line="36" selection-end-column="40" />
        </state>
      </provider>
    </entry>
    <entry file="file://$PROJECT_DIR$/False" />
    <entry file="file://C:/My_Softerware/Python-3.63-x64/Lib/site-packages/keras/engine/training.py">
      <provider selected="true" editor-type-id="text-editor">
        <state relative-caret-position="42940">
          <caret line="2270" column="37" lean-forward="false" selection-start-line="2270" selection-start-column="37" selection-end-line="2270" selection-end-column="37" />
        </state>
      </provider>
    </entry>
    <entry file="file://$PROJECT_DIR$/../video_on_intersection/imgs/train/vehicle-detect-track-predict.json" />
    <entry file="file://$PROJECT_DIR$/draft.py">
      <provider selected="true" editor-type-id="text-editor">
        <state relative-caret-position="1976">
          <caret line="104" column="20" lean-forward="false" selection-start-line="104" selection-start-column="20" selection-end-line="104" selection-end-column="20" />
          <folding>
            <element signature="e#0#10#0" expanded="false" />
          </folding>
        </state>
      </provider>
    </entry>
    <entry file="file://$PROJECT_DIR$/track1/track/deep_sort/track.py">
      <provider selected="true" editor-type-id="text-editor">
        <state relative-caret-position="0">
          <caret line="0" column="0" lean-forward="false" selection-start-line="0" selection-start-column="0" selection-end-line="0" selection-end-column="0" />
        </state>
      </provider>
    </entry>
    <entry file="file://$PROJECT_DIR$/track1/track/tools/Video2Frames.py">
      <provider selected="true" editor-type-id="text-editor">
        <state relative-caret-position="627">
          <caret line="41" column="55" lean-forward="false" selection-start-line="41" selection-start-column="55" selection-end-line="41" selection-end-column="55" />
        </state>
      </provider>
    </entry>
    <entry file="file://$PROJECT_DIR$/track1/track/generate_videos.py">
      <provider selected="true" editor-type-id="text-editor">
        <state relative-caret-position="931">
          <caret line="49" column="0" lean-forward="false" selection-start-line="49" selection-start-column="0" selection-end-line="49" selection-end-column="0" />
          <folding>
            <element signature="e#27#36#0" expanded="false" />
          </folding>
        </state>
      </provider>
    </entry>
    <entry file="file://$PROJECT_DIR$/via_region_data.csv" />
    <entry file="file://$PROJECT_DIR$/track1/detect/detect.sh">
      <provider selected="true" editor-type-id="text-editor">
        <state relative-caret-position="38">
          <caret line="2" column="0" lean-forward="false" selection-start-line="2" selection-start-column="0" selection-end-line="2" selection-end-column="0" />
        </state>
      </provider>
    </entry>
    <entry file="file://$PROJECT_DIR$/via_region_data_processed.csv" />
    <entry file="file://$PROJECT_DIR$/vehicle-detect-track-predict.json" />
    <entry file="file://$PROJECT_DIR$/vehicle-detect-track-predict (1).json" />
    <entry file="file://$PROJECT_DIR$/vehicle-detect-track-predict_processed.json" />
    <entry file="file://$PROJECT_DIR$/annotations/csv_process.py">
      <provider selected="true" editor-type-id="text-editor">
        <state relative-caret-position="114">
          <caret line="6" column="18" lean-forward="true" selection-start-line="6" selection-start-column="18" selection-end-line="6" selection-end-column="18" />
          <folding>
            <element signature="e#0#19#0" expanded="true" />
          </folding>
        </state>
      </provider>
    </entry>
    <entry file="file://$PROJECT_DIR$/annotations/vehicle-detect-track-predict_Tony-1.json" />
    <entry file="file://$PROJECT_DIR$/track1/detect/utils.py">
      <provider selected="true" editor-type-id="text-editor">
        <state relative-caret-position="4997">
          <caret line="273" column="13" lean-forward="false" selection-start-line="273" selection-start-column="13" selection-end-line="273" selection-end-column="13" />
        </state>
      </provider>
    </entry>
    <entry file="file://$PROJECT_DIR$/track1/track/track.sh">
      <provider selected="true" editor-type-id="text-editor">
        <state relative-caret-position="114">
          <caret line="6" column="0" lean-forward="true" selection-start-line="6" selection-start-column="0" selection-end-line="6" selection-end-column="0" />
        </state>
      </provider>
    </entry>
    <entry file="file://$PROJECT_DIR$/track1/track/deep_sort_app.py">
      <provider selected="true" editor-type-id="text-editor">
        <state relative-caret-position="19">
          <caret line="139" column="41" lean-forward="false" selection-start-line="139" selection-start-column="33" selection-end-line="139" selection-end-column="41" />
        </state>
      </provider>
    </entry>
    <entry file="file://$PROJECT_DIR$/track1/track/tools/generate_detections.py">
      <provider selected="true" editor-type-id="text-editor">
        <state relative-caret-position="19">
          <caret line="175" column="4" lean-forward="false" selection-start-line="175" selection-start-column="4" selection-end-line="175" selection-end-column="4" />
        </state>
      </provider>
    </entry>
    <entry file="file://$PROJECT_DIR$/track1/detect/pkl_to_det.py">
      <provider selected="true" editor-type-id="text-editor">
        <state relative-caret-position="19">
          <caret line="59" column="52" lean-forward="false" selection-start-line="59" selection-start-column="52" selection-end-line="59" selection-end-column="52" />
        </state>
      </provider>
    </entry>
    <entry file="file://$PROJECT_DIR$/annotations/jason_process.py">
      <provider selected="true" editor-type-id="text-editor">
        <state relative-caret-position="57">
          <caret line="3" column="86" lean-forward="false" selection-start-line="3" selection-start-column="19" selection-end-line="3" selection-end-column="86" />
          <folding />
        </state>
      </provider>
    </entry>
    <entry file="file://$PROJECT_DIR$/annotations/vehicle-detect-track-predict_Tony (1).json">
      <provider selected="true" editor-type-id="text-editor">
        <state relative-caret-position="19">
          <caret line="0" column="253098" lean-forward="false" selection-start-line="0" selection-start-column="253098" selection-end-line="0" selection-end-column="253098" />
        </state>
      </provider>
    </entry>
    <entry file="file://$PROJECT_DIR$/annotations/vehicle-detect-track-predict-2.json">
      <provider selected="true" editor-type-id="text-editor">
        <state relative-caret-position="-80871">
          <caret line="0" column="334801" lean-forward="false" selection-start-line="0" selection-start-column="334801" selection-end-line="0" selection-end-column="334801" />
        </state>
      </provider>
    </entry>
    <entry file="file://$PROJECT_DIR$/track1/detect/model.py">
      <provider selected="true" editor-type-id="text-editor">
        <state relative-caret-position="164">
          <caret line="383" column="18" lean-forward="false" selection-start-line="383" selection-start-column="18" selection-end-line="383" selection-end-column="18" />
        </state>
      </provider>
    </entry>
    <entry file="file://$PROJECT_DIR$/flow_visualize.py">
      <provider selected="true" editor-type-id="text-editor">
        <state relative-caret-position="0">
          <caret line="0" column="0" lean-forward="false" selection-start-line="0" selection-start-column="0" selection-end-line="0" selection-end-column="0" />
        </state>
      </provider>
    </entry>
    <entry file="file://$PROJECT_DIR$/Loc0_1_det.txt">
      <provider selected="true" editor-type-id="LargeFileEditor">
        <state relative-caret-position="0">
          <caret line="0" column="0" lean-forward="false" selection-start-line="0" selection-start-column="0" selection-end-line="0" selection-end-column="0" />
        </state>
      </provider>
    </entry>
    <entry file="file://D:/demo 2/Loc0_1_det.txt" />
    <entry file="file://$PROJECT_DIR$/Loc0_1Tracks1769.dat">
      <provider selected="true" editor-type-id="LargeFileEditor">
        <state relative-caret-position="76">
          <caret line="4" column="33" lean-forward="false" selection-start-line="4" selection-start-column="33" selection-end-line="4" selection-end-column="33" />
        </state>
      </provider>
    </entry>
    <entry file="file://$PROJECT_DIR$/track1/detect/visualize.py">
      <provider selected="true" editor-type-id="text-editor">
        <state relative-caret-position="-4030">
          <caret line="184" column="60" lean-forward="false" selection-start-line="184" selection-start-column="60" selection-end-line="184" selection-end-column="60" />
          <folding>
            <element signature="e#176#186#0" expanded="true" />
          </folding>
        </state>
      </provider>
    </entry>
    <entry file="file://$PROJECT_DIR$/track1/detect/pedestrian.py">
      <provider selected="true" editor-type-id="text-editor">
        <state relative-caret-position="-3940">
          <caret line="144" column="43" lean-forward="true" selection-start-line="144" selection-start-column="43" selection-end-line="144" selection-end-column="43" />
          <folding>
            <element signature="e#1071#1080#0" expanded="true" />
          </folding>
        </state>
      </provider>
    </entry>
    <entry file="file://$PROJECT_DIR$/track1/detect/aic_video_detect.py">
      <provider selected="true" editor-type-id="text-editor">
        <state relative-caret-position="411">
          <caret line="135" column="0" lean-forward="false" selection-start-line="135" selection-start-column="0" selection-end-line="135" selection-end-column="0" />
          <folding />
        </state>
      </provider>
    </entry>
  </component>
</project>